date,min,max,pm25,q1,q3,stdev,count
2023-07-28T00:00:00.000Z,2.22,3.2,2.7,2.54,2.8,0.213,95
2023-07-29T00:00:00.000Z,2.02,3.93,3.1,2.9,3.3,0.289,168
2023-07-30T00:00:00.000Z,0.8,4.3,1.8,1.52,2.08,0.618,100
2023-08-01T00:00:00.000Z,1.4,6.45,2.66,2.02,3.78,1.083,474
2023-08-02T00:00:00.000Z,0.8,8.35,3.47,3,4.28,1.34,580
2023-08-03T00:00:00.000Z,0.63,3.85,1.52,1.2,2.91,0.898,572
2023-08-04T00:00:00.000Z,1.45,4.43,2.45,2.1,2.92,0.58,585
2023-08-05T00:00:00.000Z,0.8,5.05,1.3,1.2,1.5,0.332,583
2023-08-06T00:00:00.000Z,0.95,10.18,1.6,1.4,1.8,0.532,584
2023-08-07T00:00:00.000Z,1.4,21.4,5.38,2.52,11.15,5.527,584
2023-08-08T00:00:00.000Z,0.9,20.95,6.85,1.54,15.09,6.471,585
2023-08-09T00:00:00.000Z,1.25,3.23,2,1.77,2.29,0.36,583
2023-08-10T00:00:00.000Z,1.33,10.23,2.5,2.15,2.97,0.873,574
2023-08-11T00:00:00.000Z,1,12.63,1.73,1.5,2.42,0.932,571
2023-08-12T00:00:00.000Z,0.93,14.2,1.53,1.38,2,1.115,577
2023-08-13T00:00:00.000Z,1.2,20.1,2.17,1.85,2.6,1.407,584
2023-08-14T00:00:00.000Z,0.6,12.07,2.25,1.3,2.85,0.993,585
2023-08-15T00:00:00.000Z,0.9,5.7,2.36,1.6,2.97,1.014,582
2023-08-16T00:00:00.000Z,0.7,14.32,2.65,1.83,3.5,1.264,585
2023-08-17T00:00:00.000Z,0.5,2.5,1.08,0.9,1.3,0.293,585
2023-08-18T00:00:00.000Z,0.9,20.83,1.4,1.2,1.6,1.102,585
2023-08-19T00:00:00.000Z,0.8,2.43,1.3,1.1,1.6,0.305,584
2023-08-20T00:00:00.000Z,0.8,4.45,1.6,1.45,1.9,0.464,573
2023-08-21T00:00:00.000Z,1.6,6.38,2.6,2.23,3.15,0.869,561
2023-08-22T00:00:00.000Z,0.7,51.58,3.15,1.88,3.75,2.356,584
2023-08-23T00:00:00.000Z,2.4,9.23,4,3.55,4.38,0.695,584
2023-08-24T00:00:00.000Z,2.29,5.9,3.5,3.1,3.95,0.614,582
2023-08-25T00:00:00.000Z,1.6,9.8,2.72,2.15,3.9,1.71,581
2023-08-26T00:00:00.000Z,1.67,4.59,2.54,2.2,3.23,0.659,583
2023-08-27T00:00:00.000Z,1.85,7.6,2.8,2.45,4.13,1.067,577
2023-08-28T00:00:00.000Z,2.67,41.35,4,3.63,4.57,2.402,581
2023-08-29T00:00:00.000Z,0.5,5.4,2,1.12,3.73,1.362,580
2023-08-30T00:00:00.000Z,0.68,10.93,1.3,1.05,1.5,0.749,581
2023-08-31T00:00:00.000Z,1,7.6,1.7,1.52,1.9,0.376,582
2023-09-01T00:00:00.000Z,1.2,19.27,1.95,1.7,3.26,1.308,581
2023-09-02T00:00:00.000Z,0.7,9.57,1.3,1.1,2.33,0.842,581
2023-09-03T00:00:00.000Z,0.7,3.85,1.4,1.17,1.6,0.438,581
2023-09-04T00:00:00.000Z,0.7,21.67,1.7,1.4,1.95,1.01,578
2023-09-05T00:00:00.000Z,0.83,3.57,1.8,1.5,2.17,0.453,578
2023-09-06T00:00:00.000Z,0.77,38.93,1.2,1.1,1.43,1.809,569
2023-09-07T00:00:00.000Z,0.97,3.67,1.58,1.4,1.79,0.306,584
2023-09-08T00:00:00.000Z,0.8,3.17,1.7,1.4,2.29,0.572,582
2023-09-09T00:00:00.000Z,1.8,8.6,2.93,2.62,4.32,1.542,576
2023-09-10T00:00:00.000Z,1.45,13.25,4.5,2.2,9.27,3.839,581
2023-09-18T00:00:00.000Z,0.7,54.83,1.08,0.97,1.27,2.93,574
2023-09-19T00:00:00.000Z,0.73,12.73,1.7,1.3,2.7,1.778,565
2023-09-20T00:00:00.000Z,0.4,10.27,0.8,0.7,0.93,1.087,551
2023-09-21T00:00:00.000Z,0.4,34.33,0.9,0.7,1.1,2.665,421
2023-09-23T00:00:00.000Z,0.6,10.19,1.04,0.93,1.2,0.623,246
2023-09-24T00:00:00.000Z,0.6,2.1,1.1,0.9,1.2,0.231,580
2023-09-25T00:00:00.000Z,0.77,4.67,1.63,1.3,2.49,0.922,584
2023-09-26T00:00:00.000Z,1.02,4.83,1.8,1.6,3,0.883,563
2023-09-27T00:00:00.000Z,1.1,7.5,3.5,1.9,4.84,1.708,571
2023-09-28T00:00:00.000Z,1.12,7.8,2.4,1.9,2.9,0.771,583
2023-09-29T00:00:00.000Z,2.1,10.67,6.3,5.27,7.13,1.653,584
2023-09-30T00:00:00.000Z,1.2,8.5,2.7,2,3.73,1.446,575
2023-10-01T00:00:00.000Z,1.3,2.4,1.73,1.6,1.83,0.195,67
2023-11-28T00:00:00.000Z,1.3,2.6,1.7,1.6,1.83,0.219,215
2023-11-29T00:00:00.000Z,1.67,3.5,2.5,2.29,2.73,0.327,582
2023-11-30T00:00:00.000Z,1.43,3.7,2.29,1.97,2.5,0.356,586
2023-12-01T00:00:00.000Z,0.93,2.73,1.8,1.6,2,0.32,583
2023-12-02T00:00:00.000Z,1.07,3.2,1.57,1.4,1.87,0.412,563
2023-12-03T00:00:00.000Z,0.8,2.23,1.4,1.2,1.57,0.247,584
2023-12-04T00:00:00.000Z,0.4,2.8,1.1,0.9,1.23,0.253,584
2023-12-05T00:00:00.000Z,0.4,3.93,0.7,0.6,1,0.688,581
2023-12-06T00:00:00.000Z,1.1,4.4,2.6,1.63,3.3,0.886,586
2023-12-07T00:00:00.000Z,0.93,5.09,2.52,2.2,3.2,0.797,583
2023-12-08T00:00:00.000Z,1.5,4.9,3.03,2.47,3.63,0.751,586
2023-12-09T00:00:00.000Z,2.27,6.57,3.97,3.13,4.59,0.891,586
2023-12-10T00:00:00.000Z,2.02,6.43,4.5,3.69,4.93,0.919,585
2023-12-11T00:00:00.000Z,2.2,6.47,3.99,3.17,4.92,0.997,560
2023-12-12T00:00:00.000Z,2.7,5.73,3.87,3.43,4.3,0.578,216
2023-12-13T00:00:00.000Z,0.4,4.17,2.73,1.1,3.23,1.042,310
2023-12-14T00:00:00.000Z,0.4,3.23,1.12,0.83,1.6,0.487,306
2023-12-15T00:00:00.000Z,1.37,6.8,3.6,1.97,5.4,1.658,309
2023-12-16T00:00:00.000Z,0.4,2.87,1.3,0.9,1.63,0.482,384
2023-12-17T00:00:00.000Z,0.7,2.7,1.6,1.35,1.8,0.347,512
2023-12-18T00:00:00.000Z,0.5,2.9,1,0.8,1.29,0.35,312
2023-12-19T00:00:00.000Z,0.3,2.02,0.7,0.5,0.83,0.237,310
2023-12-20T00:00:00.000Z,0.3,1.33,0.6,0.5,0.7,0.166,312
2023-12-21T00:00:00.000Z,0.3,2.43,0.6,0.5,0.73,0.36,198
2023-12-22T00:00:00.000Z,0.5,5.4,2.1,1,3.53,1.357,427
2023-12-23T00:00:00.000Z,0.87,2.5,1.35,1.2,1.5,0.255,466
2023-12-24T00:00:00.000Z,0.9,2.57,1.4,1.27,1.67,0.362,416
2023-12-25T00:00:00.000Z,0.9,2.6,1.9,1.5,2.1,0.395,301
2023-12-26T00:00:00.000Z,0.4,1.3,0.8,0.6,0.9,0.19,229
2023-12-27T00:00:00.000Z,0.3,1.3,0.7,0.56,0.83,0.192,348
2023-12-28T00:00:00.000Z,0.3,2.5,0.7,0.5,1.23,0.438,300
2023-12-29T00:00:00.000Z,0.9,2.7,1.85,1.6,2.06,0.408,310
2023-12-30T00:00:00.000Z,1.6,3.67,2.29,2.1,2.6,0.366,310
2023-12-31T00:00:00.000Z,0.8,2.77,1.63,1.33,2.02,0.407,321
2024-01-01T00:00:00.000Z,0.4,1.57,0.8,0.63,0.9,0.225,382
2024-01-02T00:00:00.000Z,0.4,2.6,0.9,0.7,1.1,0.313,416
2024-01-03T00:00:00.000Z,0.6,3.63,1.17,1.1,1.23,0.258,389
2024-01-04T00:00:00.000Z,0.8,3.3,1.2,1.2,1.3,0.181,252
2024-01-05T00:00:00.000Z,0.6,2.67,1.1,0.9,1.2,0.233,296
2024-01-06T00:00:00.000Z,0.4,1.7,1,0.8,1.2,0.27,297
2024-01-07T00:00:00.000Z,0.3,1.5,0.8,0.6,0.93,0.229,302
2024-01-08T00:00:00.000Z,0.3,1.3,0.6,0.5,0.7,0.196,381
2024-01-09T00:00:00.000Z,0.3,1.23,0.53,0.5,0.6,0.104,430
2024-01-10T00:00:00.000Z,0.3,1.2,0.6,0.5,0.7,0.121,308
2024-01-11T00:00:00.000Z,0.3,3.3,0.8,0.7,0.9,0.247,274
2024-01-12T00:00:00.000Z,0.3,3.57,1,0.7,1.7,0.65,383
2024-01-13T00:00:00.000Z,0.5,1.7,0.8,0.7,0.9,0.211,409
2024-01-14T00:00:00.000Z,0.3,1.43,0.63,0.5,0.8,0.174,300
2024-01-29T00:00:00.000Z,0.87,4.63,2.47,1.9,3.3,0.952,310
2024-01-30T00:00:00.000Z,0.8,2.27,1.4,1.27,1.53,0.223,302
2024-01-31T00:00:00.000Z,0.5,2,0.9,0.73,1.03,0.215,301
2024-02-01T00:00:00.000Z,0.43,3.2,1,0.8,1.2,0.306,338
2024-02-02T00:00:00.000Z,0.5,9.5,1.12,0.9,1.4,0.515,452
2024-02-03T00:00:00.000Z,0.5,4.03,1,0.8,2.1,0.835,337
2024-02-04T00:00:00.000Z,0.4,2.13,1.07,0.83,1.23,0.284,302
2024-02-05T00:00:00.000Z,0.63,5.13,1.6,1.3,2,0.525,563
2024-02-06T00:00:00.000Z,0.8,2.9,1.5,1.3,2,0.459,323
2024-02-07T00:00:00.000Z,0.56,2.63,1,0.87,1.2,0.406,298
2024-02-08T00:00:00.000Z,0.6,2.87,2.1,1.53,2.33,0.544,383
2024-02-09T00:00:00.000Z,1.4,3.9,2.8,2.17,3.17,0.568,374
2024-02-10T00:00:00.000Z,0.5,2.29,1.4,1.03,1.7,0.397,308
2024-02-11T00:00:00.000Z,0.4,4.23,1.03,0.9,1.17,0.376,309
2024-02-12T00:00:00.000Z,0.4,2.06,1,0.9,1.17,0.257,582
2024-02-13T00:00:00.000Z,0.4,12.13,1.5,0.87,1.8,0.681,583
2024-02-14T00:00:00.000Z,1.12,4.9,1.9,1.55,2.97,0.873,585
2024-02-15T00:00:00.000Z,1.07,6.67,3.33,1.6,4.37,1.54,417
2024-02-16T00:00:00.000Z,0.8,3.43,2.1,1.57,2.5,0.603,299
2024-02-17T00:00:00.000Z,0.3,2,0.6,0.53,0.8,0.302,303
2024-02-18T00:00:00.000Z,0.3,1.73,0.65,0.5,1.07,0.339,300
2024-02-19T00:00:00.000Z,0.37,2.73,1.12,0.87,1.67,0.464,497
2024-02-20T00:00:00.000Z,0.56,1.3,0.87,0.8,1,0.148,311
2024-02-21T00:00:00.000Z,0.9,5.27,1.3,1.2,1.47,0.463,312
2024-02-22T00:00:00.000Z,0.3,2.17,1.03,0.67,1.3,0.401,584
2024-02-23T00:00:00.000Z,0.4,3.87,1.5,0.9,2.29,0.844,584
2024-02-24T00:00:00.000Z,0.63,2.7,1.3,1.1,1.5,0.258,581
2024-02-25T00:00:00.000Z,0.6,2.02,1.1,0.9,1.5,0.363,313
2024-02-26T00:00:00.000Z,0.5,1.93,0.93,0.8,1.5,0.366,360
2024-02-27T00:00:00.000Z,0.47,1.12,0.7,0.6,0.87,0.154,300
2024-02-28T00:00:00.000Z,0.9,2.29,1.3,1.2,1.5,0.209,386
2024-02-29T00:00:00.000Z,0.7,4.67,1.93,1.3,3.1,1.058,311
2024-03-01T00:00:00.000Z,1.63,8.17,3.85,3.27,4.83,1.52,302
2024-03-02T00:00:00.000Z,1.47,5.47,2.92,2.23,3.5,0.977,310
2024-03-03T00:00:00.000Z,3.43,6.53,5.4,4.9,5.8,0.673,311
2024-03-04T00:00:00.000Z,0.53,7,1.37,1.1,3.87,1.741,310
2024-03-05T00:00:00.000Z,0.5,3.07,1.1,0.8,1.89,0.65,308
2024-03-06T00:00:00.000Z,0.83,5.73,1.33,1.2,1.5,0.41,305
2024-03-07T00:00:00.000Z,0.9,7.07,1.9,1.7,2.2,0.549,460
2024-03-08T00:00:00.000Z,0.7,5.73,1.63,1.02,2.1,0.738,308
2024-03-09T00:00:00.000Z,0.7,2.83,1.12,1,1.27,0.245,308
2024-03-10T00:00:00.000Z,0.7,5.17,1.1,0.93,1.2,0.419,309
2024-03-11T00:00:00.000Z,0.5,24.93,0.93,0.8,1.12,1.195,504
2024-03-12T00:00:00.000Z,0.9,16.77,1.5,1.37,1.73,0.946,498
2024-03-13T00:00:00.000Z,1,1.73,1.33,1.25,1.49,0.159,57
2024-03-16T00:00:00.000Z,0.3,1.23,0.56,0.5,0.67,0.126,138
2024-03-17T00:00:00.000Z,0.2,4.37,0.6,0.5,0.7,0.347,576
2024-03-18T00:00:00.000Z,0.3,5.33,0.7,0.6,0.8,0.44,584
2024-03-19T00:00:00.000Z,0.3,14.17,1,0.8,1.3,0.749,585
2024-03-20T00:00:00.000Z,1,7.3,1.5,1.3,1.63,0.381,584
2024-03-21T00:00:00.000Z,0.8,2.2,1.27,1.1,1.4,0.218,586
2024-03-22T00:00:00.000Z,0.4,2.23,0.8,0.6,1,0.245,507
2024-03-23T00:00:00.000Z,0.3,6.5,1.5,1,2.29,1.182,547
2024-03-24T00:00:00.000Z,0.9,6.67,1.4,1.3,2.19,1.392,585
2024-03-25T00:00:00.000Z,0.77,2.1,1.33,1.2,1.47,0.171,590
2024-03-26T00:00:00.000Z,0.6,2.5,1.43,1.1,1.77,0.413,385
2024-03-27T00:00:00.000Z,2.2,4.59,3,2.7,3.4,0.43,516
2024-03-28T00:00:00.000Z,0.8,10.1,7,4.26,8.33,2.877,303
2024-03-29T00:00:00.000Z,0.97,1.9,1.37,1.27,1.5,0.155,203
2024-03-30T00:00:00.000Z,1,2.52,1.5,1.3,1.7,0.271,302
2024-03-31T00:00:00.000Z,0.8,5.37,1.47,1.3,2.62,1.075,341
2024-04-01T00:00:00.000Z,0.67,3.2,2.1,1.7,2.4,0.531,422
2024-04-02T00:00:00.000Z,0.5,1.33,0.8,0.7,0.9,0.143,467
2024-04-03T00:00:00.000Z,0.33,3.83,0.7,0.6,0.8,0.196,504
2024-04-04T00:00:00.000Z,0.37,1.2,0.77,0.7,0.83,0.134,310
2024-04-05T00:00:00.000Z,0.4,1.97,0.9,0.7,1.23,0.31,340
2024-04-06T00:00:00.000Z,0.7,3,1.2,0.99,1.5,0.409,400
2024-04-07T00:00:00.000Z,0.73,2.5,1.43,1.2,1.73,0.356,462
2024-04-08T00:00:00.000Z,0.7,7.3,1.2,1,1.6,0.505,583
2024-04-09T00:00:00.000Z,0.63,6.33,1.1,0.9,1.4,0.637,427
2024-04-10T00:00:00.000Z,0.47,3.3,1,0.7,1.67,0.744,303
2024-04-11T00:00:00.000Z,0.4,5.57,0.9,0.8,1.1,0.53,368
2024-04-12T00:00:00.000Z,0.8,10.6,1.27,1.1,1.67,1.002,234
2024-04-13T00:00:00.000Z,0.6,4.03,1.23,1,1.4,0.428,308
2024-04-14T00:00:00.000Z,0.73,4.37,1.3,1.17,1.5,0.323,384
2024-04-15T00:00:00.000Z,0.5,6.43,0.9,0.73,1.12,0.557,341
2024-04-16T00:00:00.000Z,0.7,22.43,1.23,1,1.97,1.547,299
2024-04-17T00:00:00.000Z,1.1,7.47,1.6,1.4,1.8,0.587,476
2024-04-18T00:00:00.000Z,1.03,9.3,1.5,1.4,1.7,0.534,447
2024-04-19T00:00:00.000Z,0.83,13.13,1.3,1.17,1.47,0.624,439
2024-04-20T00:00:00.000Z,0.8,4.8,1.2,1.1,1.37,0.312,558
2024-04-21T00:00:00.000Z,1.2,8.17,1.97,1.6,2.2,0.54,396
2024-04-22T00:00:00.000Z,1.67,11.03,2.2,2.06,2.4,0.793,294
2024-04-23T00:00:00.000Z,1.7,8.97,2.29,2.06,2.57,0.543,355
2024-04-24T00:00:00.000Z,1.6,4.26,2.52,2.2,2.97,0.532,379
2024-04-25T00:00:00.000Z,1.7,7.63,3.43,2.5,3.93,0.889,491
2024-04-26T00:00:00.000Z,1.12,12.83,2.7,1.7,3.47,1.198,554
2024-04-27T00:00:00.000Z,0.7,3.53,1.4,1.1,2.13,0.658,573
2024-04-28T00:00:00.000Z,1.07,4.83,1.7,1.53,1.9,0.4,572
2024-04-29T00:00:00.000Z,0.5,6.07,1.3,1,2.23,0.741,576
2024-04-30T00:00:00.000Z,0.6,5.23,1.07,0.9,1.25,0.393,548
2024-05-01T00:00:00.000Z,0.75,2.37,1.2,1.1,1.4,0.249,552
2024-05-02T00:00:00.000Z,1.2,5.45,1.6,1.5,1.77,0.419,571
2024-05-03T00:00:00.000Z,1,23.03,1.8,1.58,2.1,1.345,536
2024-05-04T00:00:00.000Z,1,3.73,1.5,1.3,2,0.425,363
2024-05-05T00:00:00.000Z,0.9,3.27,1.4,1.23,1.5,0.355,463
2024-05-06T00:00:00.000Z,0.9,5.97,1.3,1.2,1.4,0.354,572
2024-05-07T00:00:00.000Z,0.97,7.23,1.3,1.2,1.5,0.436,555
2024-05-08T00:00:00.000Z,1.7,4.3,2.5,2.2,3.5,0.684,560
2024-05-09T00:00:00.000Z,0.8,5.37,2,1.52,2.49,0.857,576
2024-05-10T00:00:00.000Z,0.7,2.27,1.17,1,1.3,0.197,575
2024-05-11T00:00:00.000Z,0.7,2,1.2,1.03,1.3,0.197,576
2024-05-12T00:00:00.000Z,0.4,2.6,1,0.7,1.27,0.413,572
2024-05-13T00:00:00.000Z,0.7,5.4,1.77,1.3,2.42,0.798,569
2024-05-14T00:00:00.000Z,0.9,3.97,1.55,1.3,2.5,0.744,578
2024-05-15T00:00:00.000Z,1.3,2.88,2,1.73,2.2,0.314,577
2024-05-16T00:00:00.000Z,0.8,4.38,1.58,1.2,2.2,0.596,565
2024-05-17T00:00:00.000Z,1,3.13,1.7,1.5,1.9,0.357,576
2024-05-18T00:00:00.000Z,1.35,4.26,2.4,2.13,2.73,0.475,579
2024-05-19T00:00:00.000Z,0.4,1.67,0.8,0.7,0.98,0.247,577
2024-05-20T00:00:00.000Z,0.5,2.7,0.9,0.8,1.07,0.223,576
2024-05-21T00:00:00.000Z,0.6,2.27,1,0.9,1.1,0.167,572
2024-05-22T00:00:00.000Z,0.7,2.33,1,0.9,1.1,0.196,315
2024-05-23T00:00:00.000Z,1,2,1.32,1.27,1.42,0.157,90
2024-05-24T00:00:00.000Z,1.2,17.1,2.72,2.2,4,3.606,577
2024-05-25T00:00:00.000Z,0.68,12.77,1.3,1.12,1.5,2.807,578
2024-05-26T00:00:00.000Z,0.93,2.5,1.5,1.3,1.65,0.249,577
2024-05-27T00:00:00.000Z,1.9,9.05,3.5,3.13,4,1.108,575
2024-05-28T00:00:00.000Z,1.85,14.4,3.09,2.42,5.45,2.994,578
2024-05-29T00:00:00.000Z,2.58,14.8,4.5,3.58,6.22,1.974,578
2024-05-30T00:00:00.000Z,1.9,100.68,3.95,3.17,5.3,4.499,506
2024-06-05T00:00:00.000Z,1.3,3.67,1.88,1.7,2.17,0.382,431
2024-06-06T00:00:00.000Z,1.2,7.2,2.5,1.7,3.23,0.833,577
2024-06-07T00:00:00.000Z,1.1,6.67,1.98,1.5,2.7,0.971,576
2024-06-08T00:00:00.000Z,1,5.57,2,1.55,2.7,0.864,572
2024-06-09T00:00:00.000Z,1.4,4.09,2.2,1.9,2.6,0.502,456
2024-06-11T00:00:00.000Z,0.9,3.57,1.4,1.2,1.63,0.331,325
2024-06-13T00:00:00.000Z,0.6,2.58,1.12,1,1.4,0.308,351
2024-06-14T00:00:00.000Z,0.5,3.47,1.5,1.14,1.89,0.532,573
2024-06-15T00:00:00.000Z,0.9,2.17,1.25,1.1,1.5,0.257,505
2024-06-16T00:00:00.000Z,1.14,10.7,1.9,1.6,2.67,1.398,575
2024-06-17T00:00:00.000Z,2.1,11.98,4.97,4,7.1,2.235,487
2024-06-18T00:00:00.000Z,2.33,3.17,2.6,2.47,2.87,0.221,35
2024-06-19T00:00:00.000Z,0.65,3.73,1.48,1.2,2,0.708,428
2024-06-20T00:00:00.000Z,0.7,1.23,1,0.9,1.1,0.137,74
2024-06-21T00:00:00.000Z,0.5,2.4,0.85,0.73,1,0.24,566
2024-06-22T00:00:00.000Z,0.47,2.4,1.12,0.85,1.4,0.338,566
2024-06-23T00:00:00.000Z,0.63,2.63,1.1,0.9,1.65,0.419,565
2024-06-24T00:00:00.000Z,0.7,2.52,1.27,1.1,1.5,0.292,562
2024-06-25T00:00:00.000Z,0.56,3.78,1.2,0.9,1.58,0.397,576
2024-06-26T00:00:00.000Z,1.1,3,1.8,1.6,2,0.376,239
2024-06-27T00:00:00.000Z,0.77,2.52,1.14,1.08,1.25,0.168,372
2024-06-28T00:00:00.000Z,1,5.35,2.4,1.6,3,0.911,574
2024-06-29T00:00:00.000Z,0.43,13.13,1.5,0.9,4.8,3.217,573
2024-06-30T00:00:00.000Z,0.75,3.23,1.45,1.2,1.8,0.462,575
2024-07-01T00:00:00.000Z,0.9,4.3,2.4,1.7,3,0.785,571
2024-07-02T00:00:00.000Z,0.65,5.33,1.5,1.2,1.9,0.864,572
2024-07-03T00:00:00.000Z,0.8,4.63,1.42,1.2,2.2,0.759,575
2024-07-04T00:00:00.000Z,0.8,4.15,2.1,1.35,2.6,0.747,574
2024-07-05T00:00:00.000Z,0.9,4.5,1.58,1.3,2.25,0.839,575
2024-07-06T00:00:00.000Z,0.7,2.8,1.3,1.03,1.73,0.473,574
2024-07-07T00:00:00.000Z,0.8,3.6,1.73,1.42,2.29,0.637,575
2024-07-08T00:00:00.000Z,0.56,1.93,1.1,0.9,1.23,0.255,573
2024-07-09T00:00:00.000Z,0.5,4.25,1.02,0.82,1.6,0.463,574
2024-07-10T00:00:00.000Z,0.65,12.75,1.2,0.98,1.7,0.686,575
2024-07-11T00:00:00.000Z,1.1,12.82,3.03,2.29,6.3,2.888,573
2024-07-12T00:00:00.000Z,0.52,7,1.65,1,3,1.503,576
2024-07-13T00:00:00.000Z,0.65,3.63,1.08,0.9,1.5,0.435,576
2024-07-14T00:00:00.000Z,1.14,8.1,1.91,1.6,2.75,0.999,576
2024-07-15T00:00:00.000Z,0.7,11.88,2.59,1.5,6.57,2.972,574
2024-07-16T00:00:00.000Z,1.3,7.15,2.65,1.75,4.15,1.504,575
2024-07-17T00:00:00.000Z,1.1,6.1,3.22,1.8,4,1.147,575
2024-07-18T00:00:00.000Z,1.6,9.77,4.3,3.1,5.13,1.404,570
2024-07-19T00:00:00.000Z,2,8.5,4.22,3.3,5.22,1.267,568
2024-07-20T00:00:00.000Z,2.7,6.63,4.3,3.75,4.82,0.762,575
2024-07-21T00:00:00.000Z,0.95,9.36,2,1.5,4.2,1.57,575
2024-07-22T00:00:00.000Z,1.85,15.1,3.51,2.83,5.39,1.467,572
2024-07-23T00:00:00.000Z,4.18,10.68,6.4,5.53,7.75,1.534,575
2024-07-24T00:00:00.000Z,2.9,11.55,7.65,5.45,9.1,2.137,574
2024-07-25T00:00:00.000Z,2.29,12.43,5.9,4.2,7.28,2.088,575
2024-07-26T00:00:00.000Z,1.25,6.43,2.08,1.7,3.63,1.454,576
2024-07-27T00:00:00.000Z,1.5,7.93,2.27,1.9,2.63,0.695,575
2024-07-28T00:00:00.000Z,1.35,5.2,2.88,2.46,3.35,0.761,572
2024-07-29T00:00:00.000Z,0.5,1.73,1.1,0.9,1.3,0.255,574
2024-07-30T00:00:00.000Z,1.23,3.85,2.27,1.72,2.8,0.609,572
2024-07-31T00:00:00.000Z,0.65,3.97,1.64,1,2.67,0.892,574
2024-08-01T00:00:00.000Z,0.8,19.5,3.1,1.51,7.02,4.794,573
2024-08-02T00:00:00.000Z,0.7,6.9,2.09,1.6,2.83,1.439,572
2024-08-03T00:00:00.000Z,4,10.65,7,6.43,7.57,1.129,571
2024-08-04T00:00:00.000Z,3.03,10.9,6,4.97,8.02,1.854,567
2024-08-05T00:00:00.000Z,2.83,11.38,5.9,5.18,6.81,1.58,568
2024-08-06T00:00:00.000Z,1.33,5.07,2.47,2.04,3,0.701,563
2024-08-07T00:00:00.000Z,1.58,8.6,3.8,3.17,5.09,1.573,568
2024-08-08T00:00:00.000Z,2.52,7.85,3.58,3.13,6.12,1.63,569
2024-08-09T00:00:00.000Z,1.14,9.38,2.38,1.6,6.63,2.544,559
2024-08-10T00:00:00.000Z,0.5,9.68,1.33,0.95,4,1.943,565
2024-08-11T00:00:00.000Z,0.5,1.9,1,0.88,1.2,0.237,566
2024-08-12T00:00:00.000Z,0.7,7.07,2.75,1.55,4.28,1.432,563
2024-08-13T00:00:00.000Z,2.83,7.9,4.5,3.53,5.59,1.176,557
2024-08-14T00:00:00.000Z,1.48,11.43,2.7,2.22,5.99,2.369,533
2024-08-15T00:00:00.000Z,1.3,3.6,2.17,1.8,2.6,0.47,503
2024-08-16T00:00:00.000Z,0.35,3.88,1.3,0.98,2.72,0.952,462
2024-08-17T00:00:00.000Z,0.6,6.32,1,0.9,1.2,0.379,550
2024-08-18T00:00:00.000Z,0.87,10.43,1.6,1.38,1.9,0.731,551
2024-08-19T00:00:00.000Z,0.47,5.2,1.1,0.9,2.22,1.25,549
2024-08-20T00:00:00.000Z,0.7,9.73,1.5,1.03,3.28,1.369,558
2024-08-21T00:00:00.000Z,2.9,18.7,4.43,3.95,5.43,1.087,550
2024-08-22T00:00:00.000Z,2.13,11.13,6.05,4.78,7.13,1.916,559
2024-08-23T00:00:00.000Z,1.58,8.38,3.15,2.63,3.8,1.273,562
2024-08-24T00:00:00.000Z,0.4,5.07,1.23,0.88,1.6,0.863,566
2024-08-25T00:00:00.000Z,0.47,2.87,1.4,0.98,1.8,0.494,567
2024-08-26T00:00:00.000Z,1.05,5.9,2.06,1.6,2.9,0.927,553
2024-08-27T00:00:00.000Z,0.65,7.73,2.95,1.48,4.63,1.81,560
2024-08-28T00:00:00.000Z,1.2,11.65,1.96,1.6,3.2,1.079,558
2024-08-29T00:00:00.000Z,1.6,8.82,4.45,2.5,5.9,1.899,547
2024-08-30T00:00:00.000Z,4.3,14.5,9.27,7.07,11.2,2.551,550
2024-08-31T00:00:00.000Z,1.1,9.1,4.97,1.8,7.05,2.451,560
2024-09-01T00:00:00.000Z,1.03,5.53,3.75,1.7,4.53,1.375,560
2024-09-02T00:00:00.000Z,1.7,8.38,4.18,3.28,5.2,1.364,555
2024-09-03T00:00:00.000Z,1.25,8.73,2.4,1.83,3.57,1.856,561
2024-09-04T00:00:00.000Z,1,4.7,2.1,1.52,2.5,0.57,561
2024-09-05T00:00:00.000Z,2.13,10.23,3.75,3.17,4.5,0.921,556
2024-09-06T00:00:00.000Z,2.88,11.85,7.35,4.97,8.15,2.269,549
2024-09-07T00:00:00.000Z,6.88,13.95,9.07,8.13,11,1.766,490
2024-09-08T00:00:00.000Z,4.7,13.57,8.69,7.28,11.2,2.21,563
2024-09-09T00:00:00.000Z,6.5,13.63,9.32,7.84,11.63,2.027,561
2024-09-10T00:00:00.000Z,1.8,12.9,5.63,3.33,7.77,2.883,437
2024-09-11T00:00:00.000Z,1.12,4.87,2.6,2.15,3.2,0.798,562
2024-09-12T00:00:00.000Z,0.73,3.03,1.3,1.1,1.52,0.428,566
2024-09-13T00:00:00.000Z,0.9,2.93,1.5,1.3,1.8,0.35,528
2024-09-14T00:00:00.000Z,0.7,2.1,1.2,1,1.4,0.254,571
2024-09-15T00:00:00.000Z,0.5,2.2,0.9,0.8,1,0.179,570
2024-09-16T00:00:00.000Z,0.43,2.92,1.42,1,1.7,0.417,566
2024-09-17T00:00:00.000Z,0.55,2.9,1,0.85,1.5,0.449,568
2024-09-18T00:00:00.000Z,0.5,3.3,0.97,0.8,1.12,0.258,564
2024-09-19T00:00:00.000Z,0.9,3.17,1.5,1.3,1.65,0.253,566
2024-09-20T00:00:00.000Z,0.56,2.47,1,0.83,1.37,0.32,563
2024-09-21T00:00:00.000Z,0.4,1.73,0.83,0.7,1.12,0.278,571
2024-09-22T00:00:00.000Z,0.53,2.23,0.87,0.8,0.9,0.142,569
2024-09-23T00:00:00.000Z,0.7,6.57,1.4,1.1,2.6,1.396,561
2024-09-24T00:00:00.000Z,2.7,11.6,6,5.07,7.05,1.538,565
2024-09-25T00:00:00.000Z,1.77,19.5,6.73,3.03,9.69,4.528,565
2024-09-26T00:00:00.000Z,0.47,5.6,0.9,0.7,1.47,0.512,570
2024-09-27T00:00:00.000Z,0.6,2.97,1,0.9,1.1,0.259,430
2024-09-28T00:00:00.000Z,0.5,1.57,0.8,0.7,0.9,0.145,399
2024-09-29T00:00:00.000Z,0.5,1.6,0.9,0.8,0.97,0.137,571
2024-09-30T00:00:00.000Z,0.5,2.52,0.9,0.8,1,0.204,568
2024-10-01T00:00:00.000Z,0.6,3.8,0.9,0.8,1,0.239,570
2024-10-02T00:00:00.000Z,0.5,2.2,0.89,0.77,0.97,0.171,570
2024-10-03T00:00:00.000Z,0.4,8.63,0.8,0.7,0.9,0.377,569
2024-10-04T00:00:00.000Z,0.43,1.57,0.8,0.7,0.87,0.146,570
2024-10-05T00:00:00.000Z,0.5,3.73,0.8,0.7,0.9,0.206,572
2024-10-06T00:00:00.000Z,0.43,6.23,0.77,0.7,0.83,0.283,570
2024-10-07T00:00:00.000Z,0.4,2.6,0.83,0.7,1,0.316,570
2024-10-08T00:00:00.000Z,0.77,4.43,2,1.7,2.67,0.793,571
2024-10-09T00:00:00.000Z,0.4,3.87,1.4,0.7,2.23,0.862,570
2024-10-10T00:00:00.000Z,0.4,5.3,0.9,0.7,1.2,0.522,568
2024-10-11T00:00:00.000Z,0.3,2.33,0.87,0.6,1.1,0.285,569
2024-10-12T00:00:00.000Z,0.4,2.13,0.9,0.8,1,0.188,571
2024-10-13T00:00:00.000Z,0.7,3,1.4,1.12,1.83,0.504,569
2024-10-14T00:00:00.000Z,0.43,3.63,0.93,0.8,1.3,0.631,570
2024-10-15T00:00:00.000Z,0.5,2.8,0.8,0.7,0.9,0.205,567
2024-10-16T00:00:00.000Z,0.6,2.1,1,0.83,1.17,0.22,571
2024-10-17T00:00:00.000Z,0.8,8.02,1.5,1.2,2.1,0.681,567
2024-10-18T00:00:00.000Z,1.6,5.57,3.27,2.5,3.9,0.813,569
2024-10-19T00:00:00.000Z,1.5,17.93,2.8,2.29,3.67,1.188,572
2024-10-20T00:00:00.000Z,1.4,10.5,3.4,2.4,4.47,2.048,570
2024-10-21T00:00:00.000Z,0.8,4.3,2.27,1.67,2.9,0.785,566
2024-10-22T00:00:00.000Z,0.7,5.07,1.43,1.1,1.97,0.575,568
2024-10-23T00:00:00.000Z,0.37,2.77,0.8,0.6,0.93,0.249,570
2024-10-24T00:00:00.000Z,0.4,3.93,1,0.8,1.35,0.49,564
2024-10-25T00:00:00.000Z,0.6,4.37,1.5,1.3,1.73,0.371,495
2024-10-26T00:00:00.000Z,0.6,2.77,1.2,1.05,1.4,0.284,553
2024-10-27T00:00:00.000Z,0.47,6.03,2.1,0.97,3,1.326,565
2024-10-28T00:00:00.000Z,0.37,2.9,0.8,0.7,0.9,0.205,555
2024-10-29T00:00:00.000Z,0.4,4.8,0.8,0.7,0.97,0.328,568
2024-10-30T00:00:00.000Z,0.5,3.23,0.9,0.8,1.03,0.245,563
2024-10-31T00:00:00.000Z,0.4,4.07,0.8,0.67,1,0.412,566
2024-11-01T00:00:00.000Z,0.3,2.97,1.12,0.9,1.47,0.407,563
2024-11-02T00:00:00.000Z,0.3,1.17,0.6,0.5,0.7,0.155,553
2024-11-03T00:00:00.000Z,0.3,2.1,0.6,0.5,0.67,0.149,556
2024-11-04T00:00:00.000Z,0.4,73.06,0.69,0.6,0.83,3.179,520
2024-11-05T00:00:00.000Z,0.3,5,0.6,0.5,0.7,0.357,439
2024-11-06T00:00:00.000Z,0.3,2.33,0.63,0.6,0.7,0.165,423
2024-11-07T00:00:00.000Z,0.3,1.4,0.6,0.56,0.7,0.139,526
2024-11-08T00:00:00.000Z,0.4,2.1,0.8,0.67,0.9,0.166,467
2024-11-09T00:00:00.000Z,0.43,10.97,1.8,1.43,2.2,0.733,469
2024-11-10T00:00:00.000Z,0.5,7.07,1.6,1.3,1.97,0.78,420
2024-11-11T00:00:00.000Z,0.4,2.5,0.7,0.6,0.83,0.346,485
2024-11-12T00:00:00.000Z,0.4,5.9,0.6,0.53,0.7,0.325,372
2024-11-13T00:00:00.000Z,0.3,3.63,1.6,0.6,1.93,0.763,330
2024-11-14T00:00:00.000Z,0.4,6.1,0.8,0.63,1.2,0.5,395
2024-11-15T00:00:00.000Z,0.37,1.33,0.6,0.56,0.7,0.119,528
2024-11-16T00:00:00.000Z,0.43,4.53,0.87,0.73,1,0.315,547
2024-11-17T00:00:00.000Z,0.4,2.23,0.77,0.67,0.9,0.265,549
2024-11-18T00:00:00.000Z,0.9,4.8,1.53,1.39,1.7,0.319,524
2024-11-19T00:00:00.000Z,1.4,3.93,2.13,1.8,2.6,0.495,482
2024-11-20T00:00:00.000Z,1,8.43,1.9,1.6,2.17,0.506,476
2024-11-21T00:00:00.000Z,0.6,2.87,1.3,1,1.57,0.334,451
2024-11-22T00:00:00.000Z,0.8,5.63,1.3,1.1,1.52,0.427,473
2024-11-23T00:00:00.000Z,0.4,1.3,0.7,0.6,0.8,0.156,402
2024-11-24T00:00:00.000Z,0.3,1.43,0.7,0.6,0.9,0.18,484
2024-11-25T00:00:00.000Z,0.3,13.47,0.77,0.6,0.93,1.079,439
2024-11-26T00:00:00.000Z,0.56,15.9,1.85,0.8,2.6,1.256,566
2024-11-27T00:00:00.000Z,0.37,1.07,0.6,0.56,0.7,0.116,570
2024-11-28T00:00:00.000Z,0.3,1.3,0.6,0.5,0.7,0.14,573
2024-11-29T00:00:00.000Z,0.4,3.83,0.7,0.63,0.8,0.198,573
2024-11-30T00:00:00.000Z,0.5,4.93,0.9,0.8,1.07,0.263,573
2024-12-01T00:00:00.000Z,0.6,4.87,1.09,0.9,1.2,0.267,510
2024-12-02T00:00:00.000Z,0.5,3.2,1.03,0.9,1.2,0.255,573
2024-12-03T00:00:00.000Z,0.4,2.13,0.7,0.6,0.83,0.198,570
2024-12-04T00:00:00.000Z,0.3,3.4,0.6,0.5,0.7,0.211,574
2024-12-05T00:00:00.000Z,0.5,4.26,0.93,0.8,1.12,0.749,574
2024-12-06T00:00:00.000Z,0.6,3.7,1.6,1.23,2.1,0.588,574
2024-12-07T00:00:00.000Z,2,5.3,3.8,3.43,4.23,0.579,574
2024-12-08T00:00:00.000Z,1.43,4.47,3.43,3,3.73,0.608,574
2024-12-09T00:00:00.000Z,0.6,3,1.4,1.1,1.93,0.518,571
2024-12-10T00:00:00.000Z,0.4,2.37,0.7,0.63,0.89,0.339,485
2024-12-11T00:00:00.000Z,0.5,2.2,0.95,0.8,1.1,0.276,560
2024-12-12T00:00:00.000Z,0.5,2.37,0.9,0.8,1,0.185,569
2024-12-13T00:00:00.000Z,0.53,2.8,1,0.9,1.2,0.262,552
2024-12-14T00:00:00.000Z,0.5,4.93,1.17,1,1.3,0.273,530
2024-12-15T00:00:00.000Z,0.7,3.23,1.5,1.2,1.87,0.472,575
2024-12-16T00:00:00.000Z,0.6,43,1,0.83,1.19,1.839,528
2024-12-17T00:00:00.000Z,0.4,37.22,1.2,0.9,1.4,1.585,542
2024-12-18T00:00:00.000Z,0.4,4.47,1.2,0.7,2.62,1.089,545
2024-12-19T00:00:00.000Z,0.8,2.02,1.33,1.2,1.47,0.218,276
2024-12-20T00:00:00.000Z,0.6,1.67,1.03,0.9,1.17,0.177,434
2024-12-21T00:00:00.000Z,0.3,1.23,0.6,0.5,0.7,0.149,521
2024-12-22T00:00:00.000Z,0.4,2.1,0.83,0.6,1.23,0.425,575
2024-12-23T00:00:00.000Z,0.4,2.5,1.6,1.07,1.8,0.464,560
2024-12-24T00:00:00.000Z,0.43,2.2,1.17,0.87,1.43,0.383,545
2024-12-25T00:00:00.000Z,0.47,3.7,1.3,0.97,2.43,0.803,574
2024-12-26T00:00:00.000Z,0.43,2.77,1.4,1.03,1.7,0.462,573
2024-12-27T00:00:00.000Z,0.7,2.29,1.3,1.14,1.43,0.221,573
2024-12-28T00:00:00.000Z,0.4,1.73,0.83,0.7,1,0.205,573
2024-12-29T00:00:00.000Z,0.4,1.6,0.7,0.63,0.87,0.194,474
2024-12-30T00:00:00.000Z,0.4,2.1,1,0.8,1.1,0.237,310
2024-12-31T00:00:00.000Z,0.5,2.4,0.87,0.77,0.97,0.179,404
2025-01-01T00:00:00.000Z,0.4,1.33,0.6,0.53,0.7,0.127,542
2025-01-02T00:00:00.000Z,0.47,2.77,0.85,0.67,1.1,0.374,570
2025-01-03T00:00:00.000Z,0.4,1.73,0.87,0.7,1,0.207,566
2025-01-04T00:00:00.000Z,0.3,2.67,0.6,0.5,0.93,0.442,568
2025-01-05T00:00:00.000Z,0.6,3,1.6,1.37,1.9,0.407,571
2025-01-06T00:00:00.000Z,0.4,3.1,0.87,0.7,1.17,0.365,573
2025-01-07T00:00:00.000Z,0.9,2.73,1.6,1.43,1.8,0.297,573
2025-01-08T00:00:00.000Z,1.27,2.6,1.9,1.77,2,0.24,60
2025-01-12T00:00:00.000Z,0.4,0.9,0.6,0.5,0.63,0.095,165
2025-01-13T00:00:00.000Z,0.3,1.2,0.7,0.6,0.77,0.14,521
2025-01-14T00:00:00.000Z,0.5,1.33,0.83,0.7,0.93,0.163,394
2025-01-15T00:00:00.000Z,0.3,1.4,0.7,0.6,0.8,0.165,550
2025-01-16T00:00:00.000Z,0.4,1.77,0.7,0.6,0.9,0.218,500
2025-01-17T00:00:00.000Z,0.4,2,0.7,0.6,0.87,0.259,568
2025-01-18T00:00:00.000Z,0.7,3.37,1.7,1.12,2.23,0.619,408
2025-01-19T00:00:00.000Z,0.4,2.67,0.77,0.7,0.87,0.42,572
2025-01-20T00:00:00.000Z,0.5,2.2,0.97,0.8,1.2,0.291,569
2025-01-21T00:00:00.000Z,0.6,2.1,1.1,1.03,1.23,0.174,505
2025-01-22T00:00:00.000Z,0.5,1.73,1.1,0.97,1.2,0.197,572
2025-01-23T00:00:00.000Z,0.6,2,1.03,0.9,1.23,0.229,572
2025-01-24T00:00:00.000Z,0.7,3.7,1.2,1,1.67,0.625,570
2025-01-25T00:00:00.000Z,1.1,8.67,1.87,1.6,2.8,0.869,534
2025-01-26T00:00:00.000Z,0.8,3.47,2.02,1.6,2.37,0.525,215
2025-01-27T00:00:00.000Z,0.5,33.13,0.9,0.8,1.03,1.484,478
2025-01-28T00:00:00.000Z,0.5,1.9,0.8,0.7,1.03,0.285,574
2025-01-29T00:00:00.000Z,0.37,1.7,0.7,0.6,0.8,0.231,574
2025-01-30T00:00:00.000Z,0.4,1.8,0.7,0.6,0.77,0.123,416
2025-01-31T00:00:00.000Z,0.4,1.7,0.6,0.5,0.7,0.217,498
2025-02-01T00:00:00.000Z,0.3,1.4,0.7,0.6,0.8,0.172,418
2025-02-02T00:00:00.000Z,0.6,3.4,2.2,1.63,2.5,0.615,520
2025-02-03T00:00:00.000Z,1.33,4.09,2,1.8,2.2,0.295,570
2025-02-04T00:00:00.000Z,1.6,5.6,2.97,2.23,3.3,0.726,569
2025-02-05T00:00:00.000Z,0.6,5.77,1.7,1.4,3.77,1.378,570
2025-02-06T00:00:00.000Z,0.43,2.1,1.09,0.89,1.2,0.271,572
2025-02-07T00:00:00.000Z,0.9,3.17,1.6,1.4,1.87,0.36,529
2025-02-08T00:00:00.000Z,1.23,3.8,2.6,2.2,2.97,0.528,538
2025-02-09T00:00:00.000Z,1.27,4.53,2.4,2.1,2.97,0.606,563
2025-02-10T00:00:00.000Z,0.63,3,1.1,0.93,1.33,0.309,570
2025-02-11T00:00:00.000Z,0.43,1.43,0.73,0.63,0.83,0.157,288
2025-02-12T00:00:00.000Z,0.4,1.83,0.73,0.6,1,0.273,505
2025-02-13T00:00:00.000Z,0.4,4.09,0.8,0.7,0.93,0.236,486
2025-02-14T00:00:00.000Z,0.4,1.33,0.8,0.7,0.9,0.136,301
2025-02-15T00:00:00.000Z,0.53,3.6,1.1,0.9,1.3,0.35,442
2025-02-16T00:00:00.000Z,0.43,1.4,0.77,0.7,0.83,0.136,332
2025-02-17T00:00:00.000Z,0.3,1.77,0.6,0.5,0.73,0.168,435
2025-02-18T00:00:00.000Z,0.33,1.6,0.73,0.6,0.9,0.212,511
2025-02-19T00:00:00.000Z,0.4,1.7,0.77,0.6,0.9,0.194,563
2025-02-20T00:00:00.000Z,0.33,3,0.7,0.6,0.89,0.287,560
2025-02-21T00:00:00.000Z,0.67,4.8,1.47,1.2,1.6,0.337,559
2025-02-22T00:00:00.000Z,0.83,11.17,3.5,2.67,7.87,2.752,566
2025-02-23T00:00:00.000Z,0.83,15.77,1.9,1.6,2.77,1.656,570
2025-02-24T00:00:00.000Z,0.87,11.6,1.9,1.5,3.12,0.967,560
2025-02-25T00:00:00.000Z,0.47,4.09,0.95,0.8,1.2,0.714,560
2025-02-26T00:00:00.000Z,0.47,7.63,1.17,1,1.4,0.442,565
2025-02-27T00:00:00.000Z,0.6,4.23,1,0.9,1.1,0.234,398
2025-02-28T00:00:00.000Z,0.7,1.33,1,0.9,1.1,0.132,98
2025-03-01T00:00:00.000Z,0.4,1.77,1,0.9,1.1,0.192,394
2025-03-02T00:00:00.000Z,0.5,2,1.1,0.9,1.23,0.232,568
2025-03-03T00:00:00.000Z,0.4,3.33,1.1,0.73,1.8,0.757,561
2025-03-04T00:00:00.000Z,0.77,2.06,1.2,1.1,1.3,0.183,561
2025-03-05T00:00:00.000Z,0.73,3.6,1.8,1.4,2.19,0.508,561
2025-03-06T00:00:00.000Z,1.03,3,1.73,1.5,1.97,0.331,142
2025-03-07T00:00:00.000Z,0.6,8.52,1.03,0.9,1.2,0.589,421
2025-03-08T00:00:00.000Z,0.43,2.6,1.1,0.8,1.3,0.366,567
2025-03-09T00:00:00.000Z,0.6,4.7,1.1,0.9,1.2,0.298,568
2025-03-10T00:00:00.000Z,0.4,13.3,0.87,0.7,1,1.054,563
2025-03-11T00:00:00.000Z,0.37,6,0.8,0.7,0.9,0.541,568
2025-03-12T00:00:00.000Z,0.5,18.77,1,0.87,1.2,1.094,568
2025-03-13T00:00:00.000Z,0.6,10.19,1,0.83,1.2,0.676,379
2025-03-14T00:00:00.000Z,0.37,10.4,0.8,0.67,0.9,0.685,321
2025-03-15T00:00:00.000Z,0.3,0.97,0.6,0.55,0.72,0.16,12
2025-03-18T00:00:00.000Z,0.87,2.5,1.27,1.09,1.45,0.304,65
2025-03-19T00:00:00.000Z,0.5,2.7,1.12,0.9,1.5,0.385,572
2025-03-20T00:00:00.000Z,0.4,8.23,0.9,0.7,1.1,0.659,564
2025-03-21T00:00:00.000Z,0.5,28,0.83,0.77,0.93,1.418,572
2025-03-22T00:00:00.000Z,0.6,3.77,0.97,0.83,1.1,0.236,572
2025-03-23T00:00:00.000Z,0.5,5.09,1,0.83,1.2,0.414,574
2025-03-24T00:00:00.000Z,1.1,27.1,2,1.7,2.29,1.318,570
2025-03-25T00:00:00.000Z,0.4,13.3,0.99,0.8,1.29,0.771,572
2025-03-26T00:00:00.000Z,0.47,35.6,0.92,0.8,1.2,2.192,570
2025-03-27T00:00:00.000Z,0.5,4.2,0.7,0.6,0.8,0.31,215
2025-03-28T00:00:00.000Z,0.47,1.93,1,0.8,1.23,0.26,439
2025-03-29T00:00:00.000Z,0.5,7.77,0.9,0.8,1,0.521,565
2025-03-30T00:00:00.000Z,0.56,26.27,1.12,0.93,1.85,1.523,456
2025-03-31T00:00:00.000Z,0.6,27.33,1.7,1.1,2.57,1.999,526
2025-04-01T00:00:00.000Z,0.5,45.23,1.27,0.95,1.9,3.797,220
2025-04-02T00:00:00.000Z,1,8.69,1.63,1.37,1.97,1.177,175
2025-04-03T00:00:00.000Z,0.5,37.03,1.17,0.9,1.6,2.185,552
2025-04-04T00:00:00.000Z,0.5,24.23,1,0.8,1.3,1.553,571
2025-04-05T00:00:00.000Z,0.5,33.27,0.9,0.8,1,2.093,553
2025-04-06T00:00:00.000Z,0.6,3.97,0.9,0.8,1,0.292,354
2025-04-07T00:00:00.000Z,0.7,7.47,1.23,1.1,1.43,0.752,321
2025-04-08T00:00:00.000Z,0.5,23.97,0.9,0.73,1.33,1.391,566
2025-04-09T00:00:00.000Z,0.4,25.17,0.9,0.8,1.07,1.448,555
2025-04-10T00:00:00.000Z,0.6,4.4,1,0.9,1.17,0.294,568
2025-04-11T00:00:00.000Z,0.53,4.5,0.93,0.8,1.1,0.272,569
2025-04-12T00:00:00.000Z,0.6,8.23,1.43,1.2,1.73,0.511,570
2025-04-13T00:00:00.000Z,0.9,13.23,1.6,1.4,1.9,0.843,548
2025-04-14T00:00:00.000Z,0.53,4.97,1.53,1.2,2.06,0.701,568
2025-04-15T00:00:00.000Z,0.6,12.53,1.1,0.95,1.2,0.62,558
2025-04-16T00:00:00.000Z,0.73,4.97,1.75,1.3,2.29,0.782,566
2025-04-17T00:00:00.000Z,1.6,24.6,3.5,2.29,3.97,1.832,572
2025-04-18T00:00:00.000Z,0.32,6.93,1.4,0.8,2.9,1.443,574
2025-04-19T00:00:00.000Z,0.4,1.87,0.77,0.66,0.9,0.191,492
2025-04-20T00:00:00.000Z,0.4,12.53,0.8,0.7,0.9,0.651,574
2025-04-21T00:00:00.000Z,0.5,7.3,0.83,0.8,0.9,0.394,571
2025-04-22T00:00:00.000Z,0.6,28.73,1,0.9,1.2,1.912,569
2025-04-23T00:00:00.000Z,0.43,6,0.8,0.7,1,0.587,567
2025-04-24T00:00:00.000Z,0.4,9.73,0.8,0.7,0.9,0.467,570
2025-04-25T00:00:00.000Z,0.43,11.17,0.8,0.7,0.9,0.511,569
2025-04-26T00:00:00.000Z,0.5,4.33,0.9,0.8,1,0.285,571
2025-04-27T00:00:00.000Z,0.6,3.43,1,0.9,1.17,0.221,570
2025-04-28T00:00:00.000Z,0.5,24.88,1,0.8,1.17,1.068,564
2025-04-29T00:00:00.000Z,0.5,63.4,1.4,1.2,1.6,2.957,472
2025-04-30T00:00:00.000Z,0.9,27.07,1.4,1.2,1.87,1.352,566
2025-05-01T00:00:00.000Z,0.5,5.15,0.9,0.73,1.3,0.518,571
2025-05-02T00:00:00.000Z,0.47,3.9,1.4,1.1,1.87,0.749,523
2025-05-03T00:00:00.000Z,0.43,2.02,0.97,0.8,1.2,0.279,477
2025-05-04T00:00:00.000Z,0.6,2.29,0.97,0.87,1.1,0.172,568
2025-05-05T00:00:00.000Z,0.9,3.23,1.4,1.3,1.6,0.246,573
2025-05-06T00:00:00.000Z,0.87,5.7,1.2,1.1,1.33,0.282,572
2025-05-07T00:00:00.000Z,0.8,3.77,1.1,1,1.3,0.297,572
2025-05-08T00:00:00.000Z,0.8,5.23,1.1,1,1.2,0.258,572
2025-05-09T00:00:00.000Z,0.9,3.37,1.3,1.2,1.5,0.215,573
2025-05-10T00:00:00.000Z,1,2.5,1.47,1.23,1.7,0.272,575
2025-05-11T00:00:00.000Z,0.8,2.83,1.5,1.1,1.7,0.345,574
2025-05-12T00:00:00.000Z,1.1,3.85,1.63,1.4,1.93,0.357,574
2025-05-13T00:00:00.000Z,0.63,6.73,1.1,0.9,1.4,0.471,572
2025-05-14T00:00:00.000Z,0.43,3.53,0.97,0.8,1.1,0.296,570
2025-05-15T00:00:00.000Z,0.6,9.07,0.9,0.87,1,0.516,572
2025-05-16T00:00:00.000Z,0.6,8.77,0.9,0.8,1,0.532,255
2025-05-23T00:00:00.000Z,1.9,9.93,2.4,2.13,4.03,1.717,35
2025-05-24T00:00:00.000Z,0.7,3.17,1.3,1.1,1.6,0.445,568
2025-05-25T00:00:00.000Z,0.8,2.9,1.33,1.14,1.7,0.382,569
2025-05-26T00:00:00.000Z,0.7,5.57,2.25,1.57,2.93,1.077,458
2025-05-27T00:00:00.000Z,0.6,3.42,1.27,0.98,1.6,0.403,334
2025-05-28T00:00:00.000Z,0.7,3.5,1.7,1.2,2.2,0.652,573
2025-05-29T00:00:00.000Z,0.6,8.97,1.4,1.2,1.9,1.326,573
2025-05-30T00:00:00.000Z,0.9,7.3,2.27,1.5,3.2,0.988,572
2025-05-31T00:00:00.000Z,0.6,79.37,1.1,1,1.3,4.038,573
2025-06-01T00:00:00.000Z,0.6,2.2,1.1,0.93,1.23,0.228,572
2025-06-02T00:00:00.000Z,1.53,4.37,2.1,1.83,2.4,0.429,286
2025-06-08T00:00:00.000Z,0.6,2.57,1.07,0.9,1.33,0.311,398
2025-06-09T00:00:00.000Z,0.6,3.57,1,0.9,1.3,0.41,567
2025-06-10T00:00:00.000Z,0.7,2.5,1.12,1,1.23,0.171,566
2025-06-11T00:00:00.000Z,0.9,3.5,1.5,1.4,1.63,0.241,563
2025-06-12T00:00:00.000Z,0.6,2.43,1,0.9,1.1,0.231,507
2025-06-13T00:00:00.000Z,0.56,5.2,1,0.9,1.1,0.418,569
2025-06-14T00:00:00.000Z,1,6.1,3.3,1.4,3.9,1.327,572
2025-06-15T00:00:00.000Z,1.45,6.27,2,1.77,2.72,1.22,355
2025-06-16T00:00:00.000Z,1.17,7.85,1.7,1.5,2,0.518,433
2025-06-17T00:00:00.000Z,0.4,5.5,2.84,1.1,3.72,1.399,568
2025-06-18T00:00:00.000Z,0.8,5.4,1.8,1.44,2.73,1.221,568
2025-06-19T00:00:00.000Z,0.5,3.77,1.3,0.9,1.67,0.677,570
2025-06-20T00:00:00.000Z,1.1,5.4,1.7,1.53,1.9,0.298,566
2025-06-21T00:00:00.000Z,1.2,3.7,1.8,1.58,2.1,0.432,566
2025-06-22T00:00:00.000Z,1.08,5.09,1.7,1.52,1.9,0.335,572
2025-06-23T00:00:00.000Z,0.9,2.8,1.8,1.5,2.1,0.389,571
2025-06-24T00:00:00.000Z,0.7,4.4,1.83,1.2,2.5,0.968,566
2025-06-25T00:00:00.000Z,1.1,3.2,1.96,1.8,2.29,0.379,568
2025-06-26T00:00:00.000Z,1.3,3.3,1.76,1.6,2.33,0.454,568
2025-06-27T00:00:00.000Z,1.73,4.33,2.42,2.2,2.73,0.407,574
2025-06-28T00:00:00.000Z,1.8,4.38,3.2,2.77,3.5,0.518,574
2025-06-29T00:00:00.000Z,0.4,3.4,1.1,0.8,1.97,0.708,574
2025-06-30T00:00:00.000Z,0.63,2.8,1.5,1.29,1.63,0.274,409
2025-07-01T00:00:00.000Z,0.6,3.9,0.95,0.83,1.1,0.253,572
2025-07-02T00:00:00.000Z,0.68,1.8,1,0.9,1.17,0.178,572
2025-07-03T00:00:00.000Z,0.65,10.7,1.3,1.13,1.6,0.549,573
2025-07-04T00:00:00.000Z,0.6,1.83,1,0.9,1.1,0.207,571
2025-07-05T00:00:00.000Z,0.6,2.73,1.1,1,1.3,0.311,571
2025-07-06T00:00:00.000Z,0.98,5.3,1.5,1.3,1.77,0.341,523
2025-07-07T00:00:00.000Z,0.9,2.83,1.4,1.27,1.63,0.267,569
2025-07-08T00:00:00.000Z,0.82,2.93,1.33,1.1,1.7,0.435,571
2025-07-09T00:00:00.000Z,1.3,3.2,1.8,1.65,2.2,0.337,572
2025-07-10T00:00:00.000Z,1.63,5.47,2.29,2.02,2.75,0.643,573
2025-07-11T00:00:00.000Z,3.1,11.67,4.95,4.37,6.7,2.061,572
2025-07-12T00:00:00.000Z,5.53,12.97,7.15,6.5,9.88,2.004,571
2025-07-13T00:00:00.000Z,3.4,10.87,5.8,4.68,7.87,2.032,573
2025-07-14T00:00:00.000Z,1.14,10.7,2.6,1.9,4.09,2.808,567
2025-07-15T00:00:00.000Z,1.6,6.57,2.6,2.27,3.62,1.03,568
2025-07-16T00:00:00.000Z,1.35,5.63,2.9,2.17,3.6,0.9,569
2025-07-17T00:00:00.000Z,1.05,3.9,1.8,1.58,2.1,0.658,571
2025-07-18T00:00:00.000Z,1.77,3.42,2.45,2.29,2.6,0.24,568
2025-07-19T00:00:00.000Z,2.17,9.38,3.53,3.1,4.32,1.605,569
2025-07-20T00:00:00.000Z,2.65,12.88,4.68,3.83,6.78,2.749,567
2025-07-21T00:00:00.000Z,3.75,9.52,5.3,4.8,7.04,1.509,568
2025-07-22T00:00:00.000Z,4.13,15.02,6.4,5.5,9.02,2.405,570
2025-07-23T00:00:00.000Z,4.13,16.07,8.72,5.4,11.59,3.331,572
2025-07-24T00:00:00.000Z,3.75,20.83,7.13,4.78,13.6,4.586,570
2025-07-25T00:00:00.000Z,4.65,13.73,8.5,6.75,9.88,2.154,574
2025-07-26T00:00:00.000Z,1.7,15.32,3.4,2.47,9.44,4.091,574
2025-07-27T00:00:00.000Z,2,9.75,4.73,3.66,7.29,2.136,573
2025-07-28T00:00:00.000Z,2.5,12.05,7.07,4.9,8.35,2.199,572
2025-07-29T00:00:00.000Z,3.28,17.13,7.35,5.74,11.54,3.15,573
2025-07-30T00:00:00.000Z,1.63,14.38,3.7,2.94,5.2,2.949,573
2025-07-31T00:00:00.000Z,3.8,12.85,5.82,4.93,7.95,2.331,568
2025-08-01T00:00:00.000Z,6.65,12.88,9.93,9.02,10.63,1.146,573
2025-08-02T00:00:00.000Z,5.09,16.88,8.39,7.35,9.77,1.741,576
2025-08-03T00:00:00.000Z,1.1,6.7,2.29,1.9,3.3,1.217,574
2025-08-04T00:00:00.000Z,2.97,11.88,5.93,4.57,6.8,1.954,571
2025-08-05T00:00:00.000Z,1.45,8,2.29,2,2.88,1.328,545
2025-08-06T00:00:00.000Z,0.4,2.92,1.2,0.82,1.67,0.526,510
2025-08-07T00:00:00.000Z,0.4,3.55,1.3,0.9,2.69,0.918,549
2025-08-08T00:00:00.000Z,0.8,5.4,1.82,1.25,3.1,1.184,558
2025-08-09T00:00:00.000Z,1.5,6.57,3.2,2.4,4.65,1.282,563
2025-08-10T00:00:00.000Z,0.6,4.7,2.16,1.2,2.78,0.987,574
2025-08-11T00:00:00.000Z,0.47,3.42,1,0.8,1.27,0.295,563
2025-08-12T00:00:00.000Z,0.73,2.83,1.4,1.2,1.58,0.283,574
2025-08-13T00:00:00.000Z,0.5,1.9,0.95,0.8,1.2,0.296,557
2025-08-14T00:00:00.000Z,1.3,5.3,2.1,1.7,3.6,1.177,560
2025-08-15T00:00:00.000Z,0.7,8.19,3.25,1,3.83,1.39,525
2025-08-16T00:00:00.000Z,0.3,1.73,0.7,0.6,0.8,0.208,571
2025-08-17T00:00:00.000Z,0.4,1.6,0.7,0.6,0.8,0.188,570
2025-08-18T00:00:00.000Z,0.5,2.1,1.07,0.82,1.27,0.287,563
2025-08-19T00:00:00.000Z,0.35,2.1,0.7,0.6,0.8,0.165,542
2025-08-20T00:00:00.000Z,0.35,1.6,0.7,0.6,0.8,0.145,537
2025-08-21T00:00:00.000Z,0.3,3.63,0.63,0.53,0.77,0.332,378
2025-08-22T00:00:00.000Z,0.3,5.9,0.6,0.5,0.77,0.52,377
2025-08-23T00:00:00.000Z,0.3,1.97,0.7,0.6,0.8,0.174,571
2025-08-24T00:00:00.000Z,0.3,3.72,0.65,0.55,0.8,0.208,574
2025-08-25T00:00:00.000Z,0.3,3.83,0.7,0.6,0.9,0.243,572
2025-08-26T00:00:00.000Z,0.45,1.93,0.9,0.8,1,0.19,571
2025-08-27T00:00:00.000Z,0.45,2.35,1,0.77,1.27,0.304,571
2025-08-28T00:00:00.000Z,0.5,7.07,1.14,0.9,1.4,0.422,573
2025-08-29T00:00:00.000Z,1.17,4.63,2.25,1.83,3,0.742,566
2025-08-30T00:00:00.000Z,0.6,5.2,1.1,0.9,2.9,1.287,563
2025-08-31T00:00:00.000Z,0.8,2.7,1.2,1.07,1.4,0.312,564
2025-09-01T00:00:00.000Z,1.08,3.6,2.27,1.8,2.7,0.567,550
2025-09-02T00:00:00.000Z,1.6,4.53,2.4,2.17,2.78,0.466,505
2025-09-03T00:00:00.000Z,0.7,1.77,1.12,1,1.27,0.187,173
2025-09-04T00:00:00.000Z,0.8,6.18,2.4,1.83,4.2,1.404,530
2025-09-05T00:00:00.000Z,1,4.05,2.2,1.41,2.7,0.725,453
2025-09-06T00:00:00.000Z,2.29,5,2.9,2.6,3.8,0.758,15
2025-09-07T00:00:00.000Z,2.7,71.31,12.5,9.72,13.29,5.11,253
2025-09-08T00:00:00.000Z,2.67,12.8,5.05,4.15,7.2,1.832,283
2025-09-09T00:00:00.000Z,2.08,10.57,4.29,2.95,6.13,2.221,546
2025-09-10T00:00:00.000Z,2.78,10.27,5.8,4.34,6.82,1.692,506
2025-09-11T00:00:00.000Z,4.38,13.55,6.55,5.97,9.8,2.466,530
2025-09-12T00:00:00.000Z,0.95,4.84,3.1,2,3.74,0.977,556
2025-09-13T00:00:00.000Z,1,4.3,2.1,1.42,2.9,0.88,544
2025-09-14T00:00:00.000Z,0.65,5.47,2.06,1.63,3,0.978,543
2025-09-15T00:00:00.000Z,0.5,5,1.6,1,3.37,1.28,462
2025-09-16T00:00:00.000Z,0.8,4,1.9,1.6,2.13,0.415,556
2025-09-17T00:00:00.000Z,0.56,3.4,1.4,1.15,2.29,0.66,553
2025-09-18T00:00:00.000Z,0.5,2.7,1,0.85,1.1,0.252,550
2025-09-19T00:00:00.000Z,0.5,2.75,0.93,0.8,1.07,0.2,545
2025-09-20T00:00:00.000Z,0.6,2.27,1.05,0.9,1.25,0.275,454
2025-09-21T00:00:00.000Z,0.4,2.5,0.8,0.7,0.93,0.226,553
2025-09-22T00:00:00.000Z,0.3,1.9,0.7,0.6,0.8,0.191,553
2025-09-23T00:00:00.000Z,0.5,1.83,0.87,0.8,1,0.165,555
2025-09-24T00:00:00.000Z,0.4,2.37,0.7,0.6,0.8,0.163,562
2025-09-25T00:00:00.000Z,0.4,4.93,0.73,0.67,0.85,0.251,568
2025-09-26T00:00:00.000Z,0.5,2.57,0.93,0.8,1.07,0.203,559
2025-09-27T00:00:00.000Z,0.6,2.13,1,0.9,1.19,0.207,565
2025-09-28T00:00:00.000Z,0.6,2.27,1.2,1,1.33,0.248,560
2025-09-29T00:00:00.000Z,0.7,2.1,1.2,1.08,1.4,0.213,557
2025-09-30T00:00:00.000Z,0.77,2.52,1.3,1.2,1.47,0.243,561
2025-10-01T00:00:00.000Z,0.6,2.2,1.12,1,1.37,0.251,548
2025-10-02T00:00:00.000Z,0.7,3.1,1.23,1.1,1.5,0.463,554
2025-10-03T00:00:00.000Z,1.5,3.5,2.29,2.06,2.6,0.383,550
2025-10-04T00:00:00.000Z,1.8,5.09,3.1,2.5,3.6,0.681,559
2025-10-05T00:00:00.000Z,2.6,9.83,4.67,3.9,5.77,1.451,563
2025-10-06T00:00:00.000Z,1,10.43,1.57,1.4,2.2,0.824,555
2025-10-07T00:00:00.000Z,0.8,3.27,1.8,1.5,2.1,0.447,555
2025-10-08T00:00:00.000Z,0.7,8.02,1.1,1,1.3,0.96,557
2025-10-09T00:00:00.000Z,0.5,9.17,0.97,0.8,1.2,0.984,557
2025-10-10T00:00:00.000Z,0.4,7.8,1.03,0.77,1.4,0.711,564
2025-10-11T00:00:00.000Z,0.3,1.33,0.6,0.5,0.8,0.224,572
2025-10-12T00:00:00.000Z,0.37,2.27,0.63,0.56,0.8,0.229,561
2025-10-13T00:00:00.000Z,0.4,3.73,0.8,0.7,0.9,0.255,563
2025-10-14T00:00:00.000Z,0.33,2.29,0.7,0.6,0.8,0.169,559
2025-10-15T00:00:00.000Z,0.37,1.9,0.6,0.53,0.7,0.218,563
2025-10-16T00:00:00.000Z,0.43,2.5,0.93,0.8,1.3,0.389,484
2025-10-17T00:00:00.000Z,0.43,2.9,0.8,0.7,0.97,0.304,562
2025-10-18T00:00:00.000Z,0.47,1.4,0.77,0.7,0.83,0.133,571
2025-10-19T00:00:00.000Z,0.4,1,0.7,0.6,0.73,0.102,573
2025-10-20T00:00:00.000Z,0.4,6.5,1.07,0.83,1.8,0.832,567
2025-10-21T00:00:00.000Z,1.17,8.9,2.09,1.6,2.82,0.796,572
2025-10-22T00:00:00.000Z,1.27,5.6,2.17,1.9,3.05,0.948,569
2025-10-23T00:00:00.000Z,0.8,5.5,1.5,1.17,2.57,1.171,567
2025-10-24T00:00:00.000Z,1.1,6.57,2.23,1.8,2.6,0.518,570
2025-10-25T00:00:00.000Z,0.4,3.13,0.8,0.6,1.3,0.514,572
2025-10-26T00:00:00.000Z,0.4,2.8,0.7,0.6,0.9,0.548,574
2025-10-27T00:00:00.000Z,0.47,8.93,0.8,0.7,1,0.413,570
2025-10-28T00:00:00.000Z,1.2,5.13,2.6,2.13,3.1,0.716,560
2025-10-29T00:00:00.000Z,0.5,7.23,1.3,1,1.8,1.073,565
2025-10-30T00:00:00.000Z,0.5,9.23,1.6,1.2,2,0.609,556
2025-10-31T00:00:00.000Z,0.7,3.6,1.23,1.1,1.4,0.277,565
2025-11-01T00:00:00.000Z,0.7,2.9,1.7,1.5,1.9,0.359,565
2025-11-02T00:00:00.000Z,0.5,10.77,1.4,0.9,2.1,1.062,559
2025-11-03T00:00:00.000Z,0.5,6.37,1.03,0.9,1.2,0.538,554
2025-11-04T00:00:00.000Z,0.4,3.2,1,0.8,1.17,0.338,553
2025-11-05T00:00:00.000Z,0.4,6.63,0.8,0.7,0.9,0.539,565
2025-11-06T00:00:00.000Z,0.37,8.4,0.7,0.56,0.87,0.713,560
2025-11-07T00:00:00.000Z,0.3,39.63,0.56,0.5,0.63,1.648,566
2025-11-08T00:00:00.000Z,0.3,4.57,0.63,0.53,1,0.373,564
2025-11-09T00:00:00.000Z,0.3,1.3,0.6,0.5,0.7,0.125,563
2025-11-10T00:00:00.000Z,0.3,1.63,0.6,0.5,0.7,0.14,552
2025-11-11T00:00:00.000Z,0.4,2.13,0.77,0.7,0.9,0.233,553
2025-11-12T00:00:00.000Z,0.33,3.27,1.2,0.9,1.47,0.467,567
2025-11-13T00:00:00.000Z,0.4,1.23,0.7,0.6,0.8,0.141,571
2025-11-14T00:00:00.000Z,0.3,2.23,0.6,0.5,0.7,0.16,572
2025-11-15T00:00:00.000Z,0.3,1.57,0.6,0.5,0.8,0.224,569
2025-11-16T00:00:00.000Z,0.3,2.2,0.5,0.4,0.6,0.137,573
2025-11-17T00:00:00.000Z,0.3,0.7,0.5,0.43,0.57,0.077,61